[
  {
    "id": "debug",
    "label": "enable debug logging",
    "type": "bool",
    "default": "false"
  },
  {
    "id": "seasonassetsinseasonfolder",
    "label": "season assets in season folder",
    "type": "bool",
    "default": "false"
  },
  {
    "id": "collectionsfromsets",
    "label": "create collections from sets",
    "type": "bool",
    "default": "false"
  },
  {
    "id": "collectionsfromtags",
    "label": "create collections from tags",
    "type": "bool",
    "default": "false"
  },
  {
    "id": "localmediaagent",
    "label": "use artwork from the local series folder, else from nfo file (if switched on then use artwork location 'local' else 'link')",
    "type": "bool",
    "default": "false"
  },
  {
    "id": "assetslocation",
    "label": "artwork location",
    "type": "enum",
    "values": ["local", "link"],
    "default": "link"
  },
  {
    "id": "dayfirst",
    "label": "enable day first in ambiguous dates",
    "type": "bool",
    "default": "false"
  },
  {
    "id": "beforerating",
    "label": "text before rating (supports html specialchars!):",
    "type": "text",
    "default": "&#9733; "
  },
  {
    "id": "afterrating",
    "label": "text after rating (supports html specialchars!):",
    "type": "text",
    "default": " | "
  },
  {
    "id": "preserverating",
    "label": "pad .nfo rating with texts above and place it in front of summary\n__________________________________________________________________________________________",
    "type": "bool",
    "default": "false"
  },
  {
    "id": "statusinsummary",
    "label": "show status (ended/continuing) in front of summary\n__________________________________________________________________________________________",
    "type": "bool",
    "default": "false"
  },
  {
    "id": "beforeratingep",
    "label": "text before episode rating (supports html specialchars!):",
    "type": "text",
    "default": "&#9733; "
  },
  {
    "id": "afterratingep",
    "label": "text after episode rating (supports html specialchars!):",
    "type": "text",
    "default": " | "
  },
  {
    "id": "preserveratingep",
    "label": "pad .nfo rating with texts above and place it in front of episode summary\n__________________________________________________________________________________________",
    "type": "bool",
    "default": "false"
  },
  {
    "id": "ratings",
    "label": "Restrict additional ratings to identifiers separated by comma (eg: IMDb, RT). If left empty all ratings found will be included.",
    "type": "text",
    "default": ""
  },
  {
    "id": "ratingspos",
    "label": "position for additional ratings in summary",
    "type": "enum",
    "values": ["front", "back"],
    "default": "back"
  },
  {
    "id": "altratings",
    "label": "enable additional ratings support",
    "type": "bool",
    "default": "false"
  },
  {
    "id": "athumblocation",
    "label": "actor thumb location",
    "type": "enum",
    "values": ["link", "local", "global"],
    "default": "link"
  },
  {
    "id": "athumbpath",
    "label": "path to tv show library or global actor folder",
    "type": "text",
    "default": "http://localhost"
  },
  {
    "id": "multEpisodePlexPatch",
    "label": "Combine multiple episodes infos. (File naming for multiple episodes must differ from plex naming convention to remove/hide latter episodes from Plex scanner! (e.g. S01E01-02 instead of S01E01-E02))",
    "type": "bool",
    "default": "false"
  },
  {
    "id": "multEpisodeTitleSeparator",
    "label": "Multi episode title separator:",
    "type": "text",
    "default": " : "
  }
]
